{
  "origin": [
    -5.636868172730248,
    21.520509974703234,
    48.14742660522461
  ],
  "normal": [
    0.14538046121039938,
    0.5153747916990418,
    0.8445432763212439
  ],
  "point_ids": [
    10296,
    10294,
    10299,
    10299,
    10299,
    10300,
    10301,
    10301,
    10304,
    10304,
    10305,
    10305,
    10305,
    10305,
    10305,
    9965,
    9965,
    10311,
    10311,
    10311,
    10311,
    10311,
    9973,
    9973,
    9974,
    9974,
    9976,
    9976,
    9985,
    9985,
    9986,
    9985,
    9987,
    9987,
    9988,
    9987,
    10330,
    10330,
    10330,
    10336,
    10336,
    10336,
    10337,
    10337,
    10331,
    10331,
    10332,
    10332,
    10333,
    10333,
    10334,
    10334,
    10335,
    10335,
    10643,
    10643,
    10645,
    10645,
    10645,
    10646,
    10648,
    10648,
    10286,
    10286,
    10286,
    10289,
    10291,
    10291,
    10291,
    10294,
    10681,
    10680,
    10682,
    10682,
    10683,
    10338,
    10338,
    10338,
    10339,
    10680,
    10680,
    11017,
    11015,
    11017,
    11020,
    11020,
    10640,
    10640,
    10641,
    11046,
    11050,
    11055,
    10675,
    10674,
    11050,
    10683,
    10683,
    11406,
    11406,
    11406,
    11409,
    11012,
    11012,
    11413,
    11015,
    11442,
    11446,
    11047,
    11047,
    11046,
    11047,
    11825,
    11825,
    11828,
    11828,
    11832,
    11404,
    11832,
    11864,
    11870,
    11869,
    11872,
    11872,
    11442,
    11442,
    12305,
    12305,
    12305,
    12310,
    12304,
    12310,
    12304,
    11825,
    11823,
    12355,
    12355,
    12360,
    12361,
    11864,
    11864,
    12361,
    11864,
    12945,
    12945,
    12945,
    12946,
    12932,
    12932,
    12933,
    12305,
    12944,
    12944,
    13009,
    13009,
    13014,
    13015,
    13015,
    13015,
    13022,
    13022,
    13030,
    13030,
    13035,
    13563,
    13563,
    13564,
    13564,
    13565,
    13565,
    13566,
    13566,
    13567,
    13567,
    13567,
    13568,
    13579,
    13579,
    13580,
    13580,
    13580,
    13581,
    13581,
    13594,
    13595,
    13595,
    13595,
    13596,
    13596,
    13612,
    13613,
    13613,
    13614,
    13614,
    13614,
    13615,
    13636,
    13636,
    13637,
    13637,
    13637,
    13638,
    13655,
    13655,
    13656,
    13656,
    13669,
    13669,
    13656,
    13670,
    13670,
    13007,
    13007,
    13003
  ],
  "intersection_count": 213,
  "template_point_count": 14622,
  "point_hash": 100559.35233528889,
  "first_5_points": [
    [
      -24.375,
      -20.625,
      -43.00260925292969
    ],
    [
      -24.375,
      -20.63033103942871,
      -42.99991989135742
    ],
    [
      -24.361957550048828,
      -20.625,
      -42.99991989135742
    ],
    [
      -25.625,
      -20.625,
      -43.05845642089844
    ],
    [
      -25.625,
      -20.7315673828125,
      -42.99991989135742
    ]
  ],
  "area": 956.2376823960188,
  "major_diameter": 43.38437564334353,
  "minor_diameter": 27.792343007106922
}