{
  "origin": [
    -20.14687091072613,
    34.906281960268515,
    46.80364582613653
  ],
  "normal": [
    0.17326397127728602,
    0.5209794568743764,
    0.8357990199635937
  ],
  "point_ids": [
    10666,
    10666,
    10669,
    10669,
    10669,
    10670,
    10672,
    10670,
    10670,
    10676,
    10676,
    10676,
    10677,
    10679,
    10679,
    10677,
    10678,
    10678,
    10678,
    10685,
    10686,
    10685,
    10686,
    10686,
    10694,
    10694,
    10694,
    10695,
    10696,
    10696,
    10697,
    10697,
    10698,
    10697,
    10698,
    10698,
    10708,
    10708,
    10708,
    11035,
    11035,
    11037,
    11037,
    11037,
    11038,
    11040,
    11040,
    10655,
    10656,
    10656,
    10659,
    10661,
    10661,
    10661,
    10664,
    10703,
    10702,
    10703,
    11074,
    10704,
    11077,
    11077,
    11078,
    11078,
    11078,
    10709,
    10702,
    10709,
    11425,
    11425,
    11428,
    11428,
    11428,
    11429,
    11433,
    11433,
    11433,
    11433,
    11034,
    11433,
    11468,
    11467,
    11467,
    11468,
    11468,
    11066,
    11065,
    11065,
    11474,
    11066,
    11467,
    11846,
    11846,
    11849,
    11849,
    11849,
    11850,
    11420,
    11422,
    11888,
    11894,
    11892,
    11892,
    11892,
    11462,
    11892,
    12331,
    12326,
    12330,
    12335,
    12335,
    12330,
    12380,
    12380,
    12380,
    12385,
    12385,
    11888,
    12991,
    12991,
    12991,
    12992,
    12992,
    12997,
    12997,
    12990,
    12990,
    13044,
    13044,
    13045,
    13051,
    13051,
    13060,
    12381,
    12381,
    13619,
    13619,
    13618,
    13620,
    13620,
    13621,
    13621,
    13622,
    13622,
    13623,
    13624,
    13622,
    13618,
    13618,
    13618,
    13704,
    13704,
    13698,
    13704,
    13716,
    13716,
    13725,
    13725,
    13046,
    13045,
    13726,
    13045,
    13624,
    14217,
    14218,
    14219,
    14219,
    14219,
    14220,
    14220,
    14228,
    14229,
    14229,
    14230,
    14230,
    14230,
    14231,
    14244,
    14244,
    14245,
    14245,
    14245,
    14246,
    14246,
    14262,
    14263,
    14263,
    14263,
    14264,
    14282,
    14282,
    14282,
    14283,
    14302,
    14302,
    13698
  ],
  "intersection_count": 196,
  "template_point_count": 14622,
  "point_hash": 100559.35233528889,
  "first_5_points": [
    [
      -24.375,
      -20.625,
      -43.00260925292969
    ],
    [
      -24.375,
      -20.63033103942871,
      -42.99991989135742
    ],
    [
      -24.361957550048828,
      -20.625,
      -42.99991989135742
    ],
    [
      -25.625,
      -20.625,
      -43.05845642089844
    ],
    [
      -25.625,
      -20.7315673828125,
      -42.99991989135742
    ]
  ],
  "area": 742.5719520688499,
  "major_diameter": 38.109127512852865,
  "minor_diameter": 24.687725842160745
}