{
  "origin": [
    -23.375001691297904,
    -8.66263260635146,
    41.81298924506073
  ],
  "normal": [
    0.02473478795246663,
    0.29588712132466133,
    0.954902613725165
  ],
  "point_ids": [
    9284,
    9284,
    9287,
    9289,
    9287,
    9287,
    9292,
    9293,
    9292,
    9293,
    9293,
    9293,
    9298,
    9299,
    9299,
    9299,
    9302,
    9302,
    9303,
    9303,
    9295,
    9299,
    8979,
    8979,
    9307,
    9308,
    9308,
    9309,
    9310,
    9310,
    9307,
    9307,
    8990,
    8990,
    8991,
    8991,
    9316,
    9318,
    9318,
    9317,
    9318,
    9318,
    9007,
    9308,
    9308,
    9316,
    9316,
    8994,
    9008,
    9008,
    9009,
    9009,
    9010,
    9009,
    9011,
    9010,
    9012,
    9011,
    9013,
    9012,
    9014,
    9013,
    9015,
    9014,
    9016,
    9015,
    9016,
    9016,
    9017,
    9317,
    9017,
    9586,
    9584,
    9591,
    9591,
    9591,
    9592,
    9595,
    9595,
    9596,
    9596,
    9600,
    9600,
    9600,
    9274,
    9599,
    9602,
    9277,
    9277,
    9274,
    9279,
    9602,
    9606,
    9282,
    9282,
    9282,
    9611,
    9611,
    9285,
    9606,
    9615,
    9290,
    9615,
    9285,
    9296,
    9295,
    9296,
    9290,
    9290,
    9295,
    9295,
    9896,
    9896,
    9896,
    9899,
    9902,
    9902,
    9902,
    9903,
    9906,
    9573,
    9907,
    9907,
    9907,
    9907,
    9908,
    9576,
    9576,
    9577,
    9577,
    9911,
    9911,
    9911,
    9912,
    9582,
    9582,
    9915,
    9915,
    9912,
    9915,
    9582,
    9584,
    9915,
    9915,
    9589,
    9589,
    9590,
    9590,
    9593,
    9594,
    9594,
    9594,
    9597,
    9599,
    9599,
    10223,
    10222,
    10223,
    10226,
    10229,
    10229,
    10229,
    10230,
    10232,
    10232,
    10232,
    9888,
    9888,
    10234,
    10234,
    10234,
    10235,
    9892,
    9892,
    10237,
    10237,
    10238,
    10238,
    9892,
    9895,
    9897,
    9897,
    9898,
    9898,
    9900,
    9900,
    9898,
    9901,
    9904,
    9904,
    9904,
    9905,
    9905,
    10568,
    10565,
    10572,
    10571,
    10568,
    10572,
    10572,
    10213,
    10575,
    10577,
    10216,
    10216,
    10579,
    10579,
    10219,
    10219,
    10219,
    10579,
    10579,
    10579,
    10585,
    10222,
    10587,
    10587,
    10587,
    10587,
    10587,
    10225,
    10228,
    10228,
    10231,
    10935,
    10932,
    10938,
    10938,
    10935,
    10941,
    10938,
    10941,
    10940,
    10943,
    10561,
    10563,
    10943,
    10945,
    10565,
    10565,
    10565,
    10945,
    10567,
    10570,
    10570,
    10574,
    10574,
    10574,
    10575,
    10575,
    10575,
    11311,
    11311,
    11311,
    11314,
    11314,
    11313,
    11317,
    11317,
    11317,
    11320,
    11319,
    11324,
    10929,
    10927,
    11324,
    11327,
    10932,
    10932,
    11331,
    11331,
    10933,
    11327,
    10936,
    10936,
    10940,
    10940,
    11704,
    11704,
    11704,
    11708,
    11708,
    11708,
    11703,
    11713,
    11713,
    11717,
    11717,
    11715,
    11719,
    11307,
    11307,
    11722,
    11722,
    11722,
    11722,
    11728,
    11312,
    11733,
    11733,
    11312,
    11733,
    11733,
    11733,
    11319,
    12119,
    12119,
    12119,
    12123,
    12123,
    12123,
    12118,
    12128,
    12127,
    12127,
    12132,
    12136,
    12136,
    12136,
    12130,
    11699,
    12132,
    12132,
    12141,
    12141,
    12141,
    12140,
    12145,
    12145,
    12145,
    12145,
    12145,
    12145,
    11711,
    11716,
    11715,
    11716,
    11711,
    11715,
    12602,
    12602,
    12602,
    12607,
    12607,
    12607,
    12607,
    12606,
    12611,
    12618,
    12611,
    12617,
    12611,
    12615,
    12621,
    12622,
    12622,
    12617,
    12621,
    12626,
    12632,
    12120,
    12120,
    12626,
    12126,
    12126,
    12131,
    12130,
    12131,
    12126,
    12130,
    13257,
    13257,
    13256,
    13259,
    13259,
    13259,
    13270,
    13270,
    13270,
    13256,
    13256,
    13274,
    13274,
    13274,
    13276,
    13282,
    13282,
    13281,
    13269,
    13275,
    13288,
    13292,
    13281,
    13281,
    13288,
    13288,
    13300,
    13300,
    12602,
    13303,
    13292,
    13311,
    13311,
    13312,
    13320,
    12615,
    12615,
    13320,
    12615,
    13826,
    13826,
    13827,
    13827,
    13828,
    13828,
    13829,
    13829,
    13830,
    13830,
    13831,
    13831,
    13832,
    13832,
    13833,
    13244,
    13838,
    13227,
    13825,
    13825,
    13833,
    13833,
    13834,
    13834,
    13835,
    13850,
    13850,
    13851,
    13259,
    13259,
    13851,
    13851,
    13852,
    13869,
    13869,
    13869,
    13869,
    13870,
    13274,
    13274
  ],
  "intersection_count": 449,
  "template_point_count": 14622,
  "point_hash": 100559.35233528889,
  "first_5_points": [
    [
      -24.375,
      -20.625,
      -43.00260925292969
    ],
    [
      -24.375,
      -20.63033103942871,
      -42.99991989135742
    ],
    [
      -24.361957550048828,
      -20.625,
      -42.99991989135742
    ],
    [
      -25.625,
      -20.625,
      -43.05845642089844
    ],
    [
      -25.625,
      -20.7315673828125,
      -42.99991989135742
    ]
  ],
  "area": 3114.8895622182163,
  "major_diameter": 79.160831543401,
  "minor_diameter": 49.21868421794876
}